id,date,text,human,llm_main,llm_reword,llm_model2
1124672389416144905,2019-05-04 21:49,"Very good call yesterday with President Putin of Russia. Tremendous potential for a good/great relationship with Russia, despite what you read and see in the Fake News Media. Look how they have misled you on “Russia Collusion.” The World can be a better and safer place. Nice!",other,other,other,other
1120715879640174592,2019-04-23 23:47,Great interview by Jared. Nice to have extraordinarily smart people serving our Country! https://t.co/d6Tgrn4Tzn,other,other,other,other
1106205023548133376,2019-03-14 22:46,"A vote for today’s resolution by Republican Senators is a vote for Nancy Pelosi, Crime, and the Open Border Democrats!",immigration,immigration,immigration,immigration
1173803449202249728,2019-09-17 11:38,Beautiful evening in New Mexico with Great American Patriots! https://t.co/S8eDG3dAq0,other,other,other,other
1155657137076527104,2019-07-29 09:51,"“The Democrats hate this President so much, they’re forgetting about their duty to secure our Border.” @ThomasHomanICE  @SteveHiltonx Sad but true!",immigration,immigration,immigration,immigration
1081525114594832384,2019-01-05 20:17,Thank you to Kanye West for your nice words. Criminal Justice Reform is now law - passed in a very bipartisan way!,other,other,other,other
1115451908213411845,2019-04-09 11:10,A 9th Circuit Judge just ruled that Mexico is too dangerous for migrants. So unfair to the U.S. OUT OF CONTROL! https://t.co/XF8o3jMDle,immigration,immigration,immigration,immigration
1186607396090724353,2019-10-22 19:37,"...A majority do not want him Impeached and removed from office. 94% of the people in these battleground states who voted for President Trump want him to continue as President. That’s squarely in his corner.” @SteveDoocy “That’s a revealing poll, don’t you think that matters?”...",other,other,other,other
1115228307426095105,2019-04-08 20:22,Uganda must find the kidnappers of the American Tourist and guide before people will feel safe in going there. Bring them to justice openly and quickly!,other,other,other,other
1206445925843054593,2019-12-16 13:28,"....energy independence, manufacturing resilience, illegal immigration coming down, the Wall going up, China confronted, the caliphate defeated, NAFTA renegotiated, our military rebuilt, NATO paying more, regulations costing less,.......and much more. This is why they’re....",other,other,immigration,immigration
1105871954001739782,2019-03-14 00:43,Democrats will have a unanimous vote on a 20% issue in opposing Republican Senators tomorrow. The Dems are for Open Borders and Crime!,immigration,immigration,immigration,immigration
1088058134713823233,2019-01-23 20:57,"BUILD A WALL & CRIME WILL FALL! This is the new theme, for two years until the Wall is finished (under construction now), of the Republican Party. Use it and pray!",immigration,immigration,immigration,immigration
1115403322129883136,2019-04-09 07:57,Congratulations to the Baylor Lady Bears on their amazing win last night against Notre Dame to become the 2019 NCAA Women’s Basketball National Champions! https://t.co/cogqxFgnRn,other,other,other,other
1115057524770844672,2019-04-08 09:03,"....Mexico must apprehend all illegals and not let them make the long march up to the United States, or we will have no other choice than to Close the Border and/or institute Tariffs. Our Country is FULL!",immigration,immigration,immigration,immigration
1141163403186245632,2019-06-19 09:58,On no issue are Democrats more extreme – and more depraved – than when it comes to Border Security. The Democrat Agenda of open borders is morally reprehensible. It is the great betrayal of the American Middle Class and our Country as a whole! #Trump2020 https://t.co/f9RJhpp50J,immigration,immigration,immigration,immigration
1194219655717642240,2019-11-12 19:45,"Many of the people in DACA, no longer very young, are far from “angels.” Some are very tough, hardened criminals. President Obama said he had no legal right to sign order, but would anyway. If Supreme Court remedies with overturn, a deal will be made with Dems for them to stay!",immigration,immigration,immigration,immigration
1137355469134151681,2019-06-08 21:47,Everyone very excited about the new deal with Mexico!,other,other,other,other
1146501820593967104,2019-07-04 03:31,"Our Border Patrol people are not hospital workers, doctors or nurses. The Democrats bad Immigration Laws, which could be easily fixed, are the problem. Great job by Border Patrol, above and beyond. Many of these illegals aliens are living far better now than where they.....",immigration,immigration,immigration,immigration
1203766720856506368,2019-12-09 04:02,The Wall is going up fast! https://t.co/8tmUsC9oPq,immigration,immigration,immigration,immigration
1123559234128502784,2019-05-01 20:06,"Congress must change the Immigration Laws now, Dems won’t act. Wall is being built - 400 miles by end of next year. Mexico must stop the march to Border! @foxandfriends",immigration,immigration,immigration,immigration
1168874291376656384,2019-09-03 21:12,"We are doing very well in our negotiations with China. While I am sure they would love to be dealing with a new administration so they could continue their practice of “ripoff USA”($600 B/year),16 months PLUS is a long time to be hemorrhaging jobs and companies on a long-shot....",other,other,other,other
1148769874379980801,2019-07-10 09:44,So now the Obama appointed judge on the Census case (Are you a Citizen of the United States?) won’t let the Justice Department use the lawyers  that it wants to use. Could this be a first?,immigration,other,immigration,immigration
1097473080253968384,2019-02-18 20:29,"....There is a lot of explaining to do to the millions of people who had just elected a president who they really like and who has done a great job for them with the Military, Vets, Economy and so much more. This was the illegal and treasonous “insurance policy” in full action!",other,other,other,other
1123035192262823936,2019-04-30 09:23,"If the Democrats don’t give us the votes to change our weak, ineffective and dangerous Immigration Laws, we must fight hard for these votes in the 2020 Election!",immigration,immigration,immigration,immigration
1168488487433232384,2019-09-02 19:38,"Since my election, many trillions of dollars of worth has been created for our Country, and the Stock Market is up over 50%. If you followed the advice of the Failing New York Times columnist, Paul Krugman, you’d be doing VERY poorly - you’d be angry and hurt. He never got it!",other,other,other,other
1144014401164337152,2019-06-27 06:47,"Why aren’t the Democrats in the House calling Comey, Brennan, Clapper, Page and her FBI lover (whose invaluable phone records were illegally deleted), Crooked Hillary, Podesta, Ohr (and Nellie), the GPS Fusion characters, Christopher Steele, the DNC (& their missing server)....",other,other,other,other
1179041970590748672,2019-10-01 22:34,"As I predicted, Jay Powell and the Federal Reserve have allowed the Dollar to get so strong, especially relative to ALL other currencies, that our manufacturers are being negatively affected. Fed Rate too high. They are their own worst enemies, they don’t have a clue. Pathetic!",other,other,other,other
1104091299718811650,2019-03-09 02:47,"....as Secretary of the Air Force, and I know she will be equally great in the very important world of higher education. A strong thank you to Heather for her service.",other,other,other,other
1087723755898658816,2019-01-22 22:48,"Never seen @senatemajldr and Republicans so united on an issue as they are on the Humanitarian Crisis & Security on our Southern Border. If we create a Wall or Barrier which prevents Criminals and Drugs from flowing into our Country, Crime will go down by record numbers!",immigration,immigration,immigration,immigration
1094368870415110145,2019-02-10 06:54,"Today Elizabeth Warren, sometimes referred to by me as Pocahontas, joined the race for President. Will she run as our first Native American presidential candidate, or has she decided that after 32 years, this is not playing so well anymore? See you on the campaign TRAIL, Liz!",other,other,other,other
1143634648729378816,2019-06-26 05:38,"Staff Sgt. David Bellavia - today, we honor your extraordinary courage, we salute your selfless service, and we thank you for carrying on the legacy of American Valor that has always made our blessed nation the strongest and mightiest in the world! https://t.co/pQ3dhhaSpE",other,other,other,other
1143948712684576768,2019-06-27 02:26,"The Democrats should change the Loopholes and Asylum Laws so lives will be saved at our Southern Border. They said it was not a crisis at the Border, that it was all just “manufactured.” Now they admit that I was right - But they must do something about it. Fix the Laws NOW!",immigration,immigration,immigration,immigration
1117213859696267264,2019-04-14 07:51,"I never offered Pardons to Homeland Security Officials, never ordered anyone to close our Southern Border (although I have the absolute right to do so, and may if Mexico does not apprehend the illegals coming to our Border), and am not “frustrated.” It is all Fake & Corrupt News!",immigration,immigration,immigration,immigration
1119572078175367168,2019-04-20 20:02,The Fake News Media is doing everything possible to stir up and anger the pols and as many people as possible seldom mentioning the fact that the Mueller Report had as its principle conclusion the fact that there was NO COLLUSION WITH RUSSIA. The Russia Hoax is dead!,other,other,other,other
1095469447933059073,2019-02-13 07:47,Was just presented the concept and parameters of the Border Security Deal by hard working Senator Richard Shelby. Looking over all aspects knowing that this will be hooked up with lots of money from other sources....,immigration,immigration,immigration,immigration
1099459138038444034,2019-02-24 08:01,"“There’s not one shred of evidence that this president’s done anything Constitutionally (or anything else) wrong.” Graham Ledger.  Thank you Graham, so true!",other,other,other,other
1114155671950364677,2019-04-05 21:19,"....This will supersede USMCA. Likewise I am looking at an economic penalty for the 500 Billion Dollars in illegal DRUGS that are shipped and smuggled through Mexico and across our Southern Border. Over 100,00 Americans die each year, sooo many families destroyed!",immigration,other,immigration,immigration
1193350200066101249,2019-11-10 10:10,“He is not a Whistleblower. He is a deepstater. Let the President do the job he was elected to do.” @JudgeJeanine,other,other,other,other
1156345333997363200,2019-07-31 07:26,"Wow! A federal Judge in the Southern District of N.Y. completely dismissed a lawsuit brought by the Democratic National Committee against our historic 2016 campaign for President. The Judge said the DNC case was “entirely divorced” from the facts, yet another total & complete....",other,other,other,other
1092181733825490945,2019-02-04 06:03,"With Caravans marching through Mexico and toward our Country, Republicans must be prepared to do whatever is necessary for STRONG Border Security. Dems do nothing. If there is no Wall, there is no Security. Human Trafficking, Drugs and Criminals of all dimensions - KEEP OUT!",immigration,immigration,immigration,immigration
1178125611426025478,2019-09-28 20:53,"It is disgraceful what the Do Nothing Democrats are doing (the Impeachment Scam), but it is also disgraceful what they are NOT doing, namely, the USMCA vote, Prescription Drug Price Reduction, Gun Safety, Infrastructure, and much more!",other,other,other,other
1104383134529998849,2019-03-09 22:07,"Border Patrol and Law Enforcement has apprehended (captured) large numbers of illegal immigrants at the Border. They won’t be coming into the U.S. The Wall is being built and will greatly help us in the future, and now!",immigration,immigration,immigration,immigration
1137310207401439232,2019-06-08 18:47,"While the reviews and reporting on our Border Immigration Agreement with Mexico have been very good, there has nevertheless been much false reporting (surprise!) by the Fake and Corrupt News Media, such as Comcast/NBC, CNN, @nytimes & @washingtonpost. These “Fakers” are Bad News!",immigration,immigration,immigration,immigration
1152536577953935360,2019-07-20 19:11,Thank you Bill. Very nice! https://t.co/hTnGiOh6T1,other,other,other,other
1081935373914259458,2019-01-06 23:27,"Our GREAT MILITARY has delivered justice for the heroes lost and wounded in the cowardly attack on the USS Cole. We have just killed the leader of that attack, Jamal al-Badawi. Our work against al Qaeda continues. We will never stop in our fight against Radical Islamic Terrorism!",other,other,other,other
1137037547895267328,2019-06-08 00:44,....and have no intention of doing anything other going on a fishing expedition to see if they can find anything on me - both illegal & unprecedented in U.S. history. There was no Collusion - Investigate the Investigators! Go to work on Drug Price Reductions & Infrastructure!,other,other,other,other
1178668411183861760,2019-09-30 21:50,"....they made this whole thing up. Impeachment is also a pre-emptive strike for what they think is coming on the Obama Administration’s handling of the 2016 Election.” Jim McLaughlin, highly respected pollster. @WashTimes @FoxNews",other,other,other,other
1142506687020130306,2019-06-23 02:56,"At the request of Democrats, I have delayed the Illegal Immigration Removal Process (Deportation) for two weeks to see if the Democrats and Republicans can get together and work out a solution to the Asylum and Loophole problems at the Southern Border. If not, Deportations start!",immigration,immigration,immigration,immigration
1205489214546235393,2019-12-13 22:06,"The Wall Street Journal story on the China Deal is completely wrong, especially their statement on Tariffs. Fake News. They should find a better leaker!",other,other,other,other
1125129024890703878,2019-05-06 04:03,"“This is not Congressional Oversight, this is bullying.” Jason Riley, The Wall Street Journal",other,other,other,other
1150017240395395077,2019-07-13 20:20,This is one of the most horrible abuses of all. Those texts between gaga lovers would have told the whole story. Illegal deletion by Mueller. They gave us “the insurance policy.” https://t.co/EEa41Kn6fX,other,other,other,other
1193131455796404224,2019-11-09 19:41,"Fake News is reporting that I am talking to Mark Burnett about doing a big show, perhaps The Apprentice, after the presidency, which I would assume they mean in 5 years. This is not true, never had such a conversation, don’t even have time to think about it. False reporting!",other,other,other,other
1172494649296113664,2019-09-13 07:58,"....Became Number 1 in World & Independent in Energy. Will soon have record number of Judges, 2 SC Justices. Done more than any President in first 2 1/2 years despite phony & fraudulent Witch Hunt illegally led against him. WIN on Mueller Report, Mueller Testimony & James Comey..",other,other,other,other
1183823970979713024,2019-10-15 03:16,"....I would much rather focus on our Southern Border which abuts and is part of the United States of America. And by the way, numbers are way down and the WALL is being built!",immigration,immigration,immigration,immigration
1130870087823613952,2019-05-22 00:16,"...Mexico’s attitude is that people from other countries, including Mexico, should have the right to flow into the U.S. & that U.S. taxpayers should be responsible for the tremendous costs associated w/this illegal migration. Mexico is wrong and I will soon be giving a response!",immigration,immigration,immigration,immigration
1203096598462504961,2019-12-07 07:39,"All necessary work has been completed to declare Mexican Cartels terrorist organizations. Statutorily we are ready to do so. However, at the request of a man who I like and respect, and has worked so well with us, President Andres Manuel @LopezObrador_ we....",other,other,immigration,other
1208131920598573056,2019-12-21 05:07,"....Kevin is strong on Securing the Border, #USMCA, protecting our #2A, and Loves our Vets and Military. Kevin is a true friend, and has my Complete and Total Endorsement!",other,immigration,immigration,immigration
1086291782202257408,2019-01-18 09:58,"Never seen the Republican Party so unified. No “Cave” on the issue of Border and National Security. A beautiful thing to see, especially when you hear the new rhetoric spewing from the mouths of the Democrats who talk Open Border, High Taxes and Crime. Stop Criminals & Drugs now!",immigration,immigration,immigration,immigration
1086277705916502017,2019-01-18 23:02,"Kevin Corke, @FoxNews “Don’t forget, Michael Cohen has already been convicted of perjury and fraud, and as recently as this week, the Wall Street Journal has suggested that he may have stolen tens of thousands of dollars....”  Lying to reduce his jail time! Watch father-in-law!",other,other,other,other
1188048259627081728,2019-10-26 19:02,...Thank you @foxandfriends! Hopefully this is just the beginning of a massive story of injustice and treason. You will never learn this from the corrupt LameStream Media who get Pulitzer Prizes for reporting the story totally wrong. The ones who report it right get only RESPECT!,other,other,other,other
1199352946187800578,2019-11-26 23:43,"The D.C. Wolves and Fake News Media are reading far too much into people being forced by Courts to testify before Congress. I am fighting for future Presidents and the Office of the President. Other than that, I would actually like people to testify. Don McGahn’s respected....",other,other,other,other
1154003031312261120,2019-07-24 20:18,"....interview, including the Vice President of the United States!",other,other,other,other
1121476321882902529,2019-04-25 13:09,Our Border Control Agents have done an incredible job under very adverse conditions. I am very proud to have increased their salaries because of the great job they do. Nobody deserves it more. THANK YOU and keep up the outstanding work!pic.twitter.com/ljy3hZOgfL,immigration,immigration,immigration,immigration
1089169277041676289,2019-01-26 22:32,"“We absolutely need a physical barrier or Wall, whatever you want to call it. The President yesterday laid all that out. We need to do it all, including the Wall. I provided the same information to the previous administration, & it was ignored.” Mark Morgan, Border Chief for “O”!",immigration,immigration,immigration,immigration
1086597047229300737,2019-01-19 20:11,".@newtgingrich just stated that there has been no president since Abraham Lincoln who has been treated worse or more unfairly by the media than your favorite President, me! At the same time there has been no president who has accomplished more in his first two years in office!",other,other,other,other
1151865849864761345,2019-07-18 22:46,"....of gang members, in particular MS-13. Ice and Border Patrol are doing a great job!",immigration,immigration,immigration,immigration
1172520696326643712,2019-09-13 09:41,"....VERY stupidly negotiated Trade Deals, and Illegal Immigration, are a tremendous cost and burden to our Country. They are BOTH coming along very well and someday, in the not too distant future, America will see a very positive change. Remember, America First!",immigration,immigration,immigration,immigration
1173564171847385089,2019-09-16 19:47,"Producer prices in China shrank most in 3 years due to China’s big devaluation of their currency, coupled with monetary stimulus. Federal Reserve not watching? Will Fed ever get into the game? Dollar strongest EVER! Really bad for exports. No Inflation...Highest Interest Rates...",other,other,other,other
1174279095091286016,2019-09-18 19:08,"As Corey Lewandowski stated very clearly yesterday in front of the House Judiciary Committee, President Trump didn’t do anything wrong or illegal. But they all know that. The Democrats are hurting our Country, and getting nothing done. Shameful! @CLewandowski_  @foxandfriends",other,other,other,other
1137048453173862400,2019-06-08 01:27,Democrats are incapable of doing a good and solid Immigration Bill!,immigration,immigration,immigration,immigration
1199285300306104321,2019-11-26 19:14,"“Poll shows Dems losing interest in Impeachment inquiry all across the board. These Polls are actually devastating to the Democrats. But the writing was on the wall. He’s done so many great things. He’s devastated ISIS & killed AlBaghdadi, building Wall.” Jason Meister @FoxNews",other,other,immigration,immigration
1135609956563083266,2019-06-04 02:11,"As a sign of good faith, Mexico should immediately stop the flow of people and drugs through their country and to our Southern Border. They can do it if they want!",immigration,immigration,immigration,immigration
1205459180229935109,2019-12-13 06:07,The Republican Party is more united now than at any time in its history - by far!,other,other,other,other
1171942311321919489,2019-09-12 08:23,"I had an excellent telephone conversation with Andrés Manuel López Obrador, President of Mexico, talking about Southern Border Security, and various other things of mutual interest for the people of our respective countries....",immigration,immigration,immigration,immigration
1170324532562931713,2019-09-07 21:14,"“In 22 years of patrolling our Southern Border, I have never seen Mexico act like a true Border Security Partner until President Trump got involved, and now they are stepping up to the plate and doing what they need to do.” Brandon Judd, National Border Patrol",immigration,immigration,immigration,immigration
1184637926212341760,2019-10-17 09:11,"Years of BAD GOVERNMENT, such a sorry thing to see! https://t.co/H1r2Be2YS6",other,other,other,other
1087690284027334656,2019-01-22 20:35,“The Democrats are playing politics with Border Security.”  @foxandfriends,immigration,immigration,immigration,immigration
1188188567773822977,2019-10-27 04:20,"MISSISSIPPI! There is a VERY important election for Governor on November 5th. I need you to get out and VOTE for our Great Republican nominee, @TateReeves. Tate is Strong on Crime, tough on Illegal Immigration, and will protect your Second Amendment....",other,immigration,immigration,immigration
1083756525196320773,2019-01-12 00:04,"Humanitarian Crisis at our Southern Border. I just got back and it is a far worse situation than almost anyone would understand, an invasion! I have been there numerous times - The Democrats, Cryin’ Chuck and Nancy don’t know how bad and dangerous it is for our ENTIRE COUNTRY....",immigration,immigration,immigration,immigration
1146862295466819585,2019-07-05 03:24,Been fully briefed on earthquake in Southern California. All seems to be very much under control!,other,other,other,other
1155967243835940864,2019-07-30 06:24,"Senator Cindy Hyde-Smith is doing a GREAT JOB for the people of Mississippi and fully supports our #MAGA Agenda. Cindy is tough on Crime, Strong on the Border and Illegal Immigration....",other,immigration,immigration,immigration
1100000030319169537,2019-02-25 19:50,"Be nice if Spike Lee could read his notes, or better yet not have to use notes at all, when doing his racist hit on your President, who has done more for African Americans (Criminal Justice Reform, Lowest Unemployment numbers in History, Tax Cuts,etc.) than almost any other Pres!",other,other,other,other
1136061313174659073,2019-06-05 08:04,"Can you imagine Cryin’ Chuck Schumer saying out loud, for all to hear, that I am bluffing with respect to putting Tariffs on Mexico. What a Creep. He would rather have our Country fail with drugs & Immigration than give Republicans a win. But he gave Mexico bad advice, no bluff!",immigration,immigration,immigration,immigration
1105795445794717697,2019-03-13 19:39,"Defying voters, the Governor of California will halt all death penalty executions of 737 stone cold killers. Friends and families of the always forgotten VICTIMS are not thrilled, and neither am I!",other,other,other,other
1103994805477085186,2019-03-08 20:24,The Wall is being built and is well under construction. Big impact will be made. Many additional contracts are close to being signed. Far ahead of schedule despite all of the Democrat Obstruction and Fake News!,immigration,immigration,immigration,immigration
1140053914592657410,2019-06-16 08:30,".....the first 2 1/2 years of his Presidency, including the fact that we have one of the best Economies in the history of our Country. It is called Earned Media. In any event, enjoy the show!",other,other,other,other
1161970814922776576,2019-08-15 20:00,"Thank you, and the Wall is under major construction! https://t.co/jRVMxSPJzN",immigration,immigration,immigration,immigration
1178668408566616064,2019-09-30 08:50,"“President Trump’s Job Approval Numbers have just reached the highest level since his Inauguration, around 50%, and you can add to that many votes from voters that don’t talk about their vote. Once they saw the President’s numbers going up, they said ‘We gotta do something,’ so..",other,other,other,other
1098204256602066945,2019-02-20 20:54,"“If thinking that James Comey is not a good FBI Director is tantamount to being an agent of Russia, than just list all the people that are agents of Russia - Chuck Schumer, Nancy Pelosi, Rod Rosenstein who wrote the memo to get rid of Comey, the Inspector General....” Trey Gowdy",other,other,other,other
1177543516236500997,2019-09-27 19:20,".....nice call with with the new President of Ukraine, it could not have been better or more honorable, and the Fake News Media and Democrats, working as a team, have fraudulently made it look bad. It wasn’t bad, it was very legal and very good. A continuing Witch Hunt!",other,other,other,other
1126106541004873730,2019-05-08 20:48,"....Guess what, that’s not going to happen! China has just informed us that they (Vice-Premier) are now coming to the U.S. to make a deal. We’ll see, but I am very happy with over $100 Billion a year in Tariffs filling U.S. coffers...great for U.S., not good for China!",other,other,other,other
1150766494697107456,2019-07-15 21:58,"“We all know that AOC and this crowd are a bunch of Communists, they hate Israel, they hate our own Country, they’re calling the guards along our Border (the Border Patrol Agents) Concentration Camp Guards, they accuse people who support Israel as doing it for the Benjamin’s,....",immigration,immigration,immigration,immigration
1208029119776247808,2019-12-20 22:19,"I will be signing our 738 Billion Dollar Defense Spending Bill today. It will include 12 weeks  Paid Parental Leave, gives our troops a raise, importantly creates the SPACE FORCE, SOUTHERN BORDER WALL FUNDING, repeals “Cadillac Tax” on Health Plans, raises smoking age to 21! BIG!",other,immigration,immigration,immigration
1136183958876692480,2019-06-05 16:12,"House Democrats, fresh off a Republican victory against them (in Federal Court) on the Wall,  keep asking people to come and testify regarding the No Collusion Witch Hunt. They are very unhappy with the Mueller Report, especially with his corrective letter, & now want a Do Over!",other,other,other,immigration
1156742970105892864,2019-08-01 09:46,The cages for kids were built by the Obama Administration in 2014. He had the policy of child separation. I ended it even as I realized that more families would then come to the Border! @CNN,immigration,immigration,immigration,immigration
1164684313713172491,2019-08-23 07:42,"Looking forward to soon being in North Carolina to hold a big rally for wonderful Dan Bishop, who is running for Congress. His opponent wants Open Borders, Sanctuary Cities, and Socialism. He likes the “Squad” more than North Carolina. Dan has my Full and Complete Endorsement!",immigration,immigration,immigration,immigration
1129339132373884928,2019-05-17 18:53,Will the Democrats give our Country a badly needed immigration win before the election? Good chance!,immigration,immigration,immigration,immigration
1171988347822235651,2019-09-12 11:26,"The Wall is going up very fast despite total Obstruction by Democrats in Congress, and elsewhere! https://t.co/2nFIEFppho",immigration,immigration,immigration,immigration
1088055980263424000,2019-01-23 20:48,"Great unity in the Republican Party. Want to, once and for all, put an end to stoppable crime and drugs! Border Security and Wall. No doubt!",immigration,immigration,immigration,immigration
1116894304063107072,2019-04-13 10:42,"Finally, great news at the Border! https://t.co/nofzYa2Qs7",immigration,immigration,immigration,immigration
1112439222147993601,2019-04-01 03:39,"“Outrageous, it’s the Adam Schiff problem. People abusing the access to classified data to then go out in public and make allegations that didn’t prove to be true. You look at a decision to essentially investigate a political rival. Who made it?” James Freeman, @WSJ",other,other,other,other
1201532174190571520,2019-12-03 00:02,Heading to Europe to represent our Country and fight hard for the American People while the Do Nothing Democrats purposely scheduled an Impeachment Hoax hearing on the same date as NATO. Not nice! https://t.co/LCXYhoOWF6,other,other,other,other
1106196590065303552,2019-03-14 22:13,Prominent legal scholars agree that our actions to address the National Emergency at the Southern Border and to protect the American people are both CONSTITUTIONAL and EXPRESSLY authorized by Congress....,immigration,immigration,immigration,immigration
1195000511625355265,2019-11-14 09:28,"....anywhere, so we’ve now had 3 years of the Democrats chasing Donald Trump. Nancy Pelosi’s worried about the American voter looking for someone to blame for that eventually. Look at her own story in the House. What have they done? The average American can’t identify anything...",other,other,other,other
1117216153728897024,2019-04-14 08:01,"....So interesting to see the Mayor of Oakland and other Sanctuary Cities NOT WANT our currently “detained immigrants” after release due to the ridiculous court ordered 20 day rule. If they don’t want to serve our Nation by taking care of them, why should other cities & towns?",immigration,immigration,immigration,immigration
1129338665216430080,2019-05-17 18:51,"All people that are illegally coming into the United States now will be removed from our Country at a later date as we build up our removal forces and as the laws are changed. Please do not make yourselves too comfortable, you will be leaving soon!",immigration,immigration,immigration,immigration
1137697504785588225,2019-06-09 20:26,"Another false report in the Failing  @nytimes. We have been trying to get some of these Border Actions for a long time, as have other administrations, but were not able to get them, or get them in full, until our signed agreement with Mexico. Additionally, and for many years,....",immigration,immigration,immigration,immigration
1151451591171543041,2019-07-17 19:20,"The Democrats in Congress are getting nothing done, not on drug pricing, not on immigration, not on infrastructure, not on nothing! Sooo much opportunity, yet all they want to do is go “fishing.” The American people are tired of the never ending Witch Hunt, they want results now!",other,other,other,other
1165395410787196929,2019-08-25 06:48,"France and President @EmanuelMacrone have done a really great job thus far with a very important G-7. Lunch with Emanuel was the best meeting we have yet had. Likewise, evening meeting with World Leaders went very well. Progress being made!",other,other,other,other
1153286989824888832,2019-07-22 20:53,"....But the questions should be asked, why were all of Clinton’s people given immunity, and why were the text messages of Peter S and his lover, Lisa Page, deleted and destroyed right after they left Mueller, and after we requested them(this is Illegal)?",other,other,other,other
1131158414279827457,2019-05-22 19:22,"Also, tremendous work is being done on pure renovation - fixing existing Walls that are in bad condition and ineffective, and bringing them to a very high standard!",immigration,immigration,immigration,immigration
1160382091592384513,2019-08-11 10:47,"Anthony Scaramucci, who was quickly terminated (11 days) from a position that he was totally incapable of handling, now seems to do nothing but television as the all time expert on “President Trump.” Like many other so-called television experts, he knows very little about me.....",other,other,other,other
1147976062657282055,2019-07-08 05:09,"We are building the Wall now, but the reason the badly needed Wall wasn’t approved in the Republican controlled House and Senate was that we had a very slim majority in the Senate, & needed 9 Democrat votes. They were totally unwilling to give Wall votes to us, want Open Borders!",immigration,immigration,immigration,immigration
1166359891193344000,2019-08-27 22:40,"No bedbugs at Doral. The Radical Left Democrats, upon hearing that the perfectly located (for the next G-7) Doral National MIAMI was under consideration for the next G-7, spread that false and nasty rumor. Not nice!",other,other,other,other
1192418595323682817,2019-11-07 20:28,Bill Barr did not decline my request to talk about Ukraine. The story was a Fake Washington Post con job with an “anonymous” source that doesn’t exist. Just read the Transcript. The Justice Department already ruled that the call was good. We don’t have freedom of the press!,other,other,other,other
1157825761941819392,2019-08-04 09:29,"Today’s shooting in El Paso, Texas was not only tragic, it was an act of cowardice. I know that I stand with everyone in this Country to condemn today’s hateful act. There are no reasons or excuses that will ever justify killing innocent people....",other,other,other,other
1112500287577694208,2019-04-01 07:41,"The Democrats are allowing a ridiculous asylum system and major loopholes to remain as a mainstay of our immigration system. Mexico is likewise doing NOTHING, a very bad combination for our Country. Homeland Security is being sooo very nice, but not for long!",immigration,immigration,immigration,immigration
1179406259273031682,2019-10-02 22:42,"Now the press is trying to sell the fact that I wanted a Moot stuffed with alligators and snakes, with an electrified fence and sharp spikes on top, at our Southern Border. I may be tough on Border Security, but not that tough. The press has gone Crazy. Fake News!",immigration,immigration,immigration,immigration
1085519375224983552,2019-01-16 20:49,It is becoming more and more obvious that the Radical Democrats are a Party of open borders and crime. They want nothing to do with the major Humanitarian Crisis on our Southern Border. #2020!,immigration,immigration,immigration,immigration
1171051473607823360,2019-09-09 21:23,"..that this Administration has done. They don’t talk about the great economy, the big tax and regulation cuts, the rebuilding of the Military, “Choice” at our VA, our Vets, Judges and Supreme Court Justices, the Border Wall going up, lowest crime numbers, 2nd A, and so much more!",other,immigration,immigration,other
1086252588088082432,2019-01-18 21:22,"Border rancher: “We’ve found prayer rugs out here. It’s unreal.”  Washington Examiner   People coming across the Southern Border from many countries, some of which would be a big surprise.",immigration,immigration,immigration,immigration
1205104256312848385,2019-12-12 06:36,"I will be there in two weeks, The Southern White House!https://twitter.com/Trump/status/1204520225607225344 …",other,other,other,other
1168153045026463747,2019-09-01 21:26,"I have not forgotten that when it was announced that I was going to do The Apprentice, and when it then became a big hit, helping NBC’s failed lineup greatly, @DebraMessing came up to me at an Upfront & profusely thanked me, even calling me “Sir.” How times have changed!",other,other,other,other
1089589587456991233,2019-01-28 02:22,BUILD A WALL & CRIME WILL FALL! https://t.co/yDdCG5DCxn,immigration,immigration,immigration,immigration
1138782960444956673,2019-06-12 20:19,"The Fake News has never been more dishonest than it is today. Thank goodness we can fight back on Social Media. There new weapon of choice is Fake Polling, sometimes referred to as Suppression Polls (they suppress the numbers). Had it in 2016, but this is worse.........",other,other,other,other
1107608921370513408,2019-03-18 19:45,"....are all coming back to the U.S. So is everyone else. We now have the best Economy in the World, the envy of all. Get that big, beautiful plant in Ohio open now. Close a plant in China or Mexico, where you invested so heavily pre-Trump, but not in the U.S.A. Bring jobs home!",other,other,other,other
1182288206806560769,2019-10-10 21:34,"Thank you to @OANN One America News for your fair coverage and brilliant reporting. It is appreciated by many people trying so hard to find a new, consistent and powerful VOICE! See you tonight at the Big Rally in Minneapolis.",other,other,other,other
1203363921995980801,2019-12-08 01:21,"While the world is not doing well economically, our Country is doing better, perhaps, than it has ever done before. Jobs, Jobs, Jobs!",other,other,other,other
1173218440502550528,2019-09-15 20:54,"Brett Kavanaugh should start suing people for liable, or the Justice Department should come to his rescue. The lies being told about him are unbelievable. False Accusations without recrimination. When does it stop? They are trying to influence his opinions. Can’t let that happen!",other,other,other,other
1090578963641131009,2019-01-30 19:54,“Three separate caravans marching to our Border. The numbers are tremendous.” @foxandfriends,immigration,immigration,immigration,immigration
1106196591453577217,2019-03-14 22:13,"....If, at a later date, Congress wants to update the law, I will support those efforts, but today’s issue is BORDER SECURITY and Crime!!! Don’t vote with Pelosi!",immigration,immigration,immigration,immigration
1193605807369269248,2019-11-11 03:06,"“There’s nothing there! I’m trying to let the House know that they’re dividing America for no good reason. We’ve got a lot of things we should be doing, like lowering drug costs & getting a trade deal with Mexico and Canada.” @LindseyGrahamSC  The Do Nothing Dems have gone crazy!",other,other,other,other
1133119875272994816,2019-05-28 05:16,"....Super Predator was the term associated with the 1994 Crime Bill that Sleepy Joe Biden was so heavily involved in passing. That was a dark period in American History, but has Sleepy Joe apologized? No!",other,other,other,other
1170782374843564034,2019-09-09 03:34,"Looking forward to being in the North Carolina tomorrow night. We’re having a BIG RALLY for a great guy, Dan Bishop. Strong on Crime, Borders, your Military and our Vets, we need Dan Bishop in Washington badly. His opponent is WEAK on Crime, Borders, and against your 2nd A.",other,immigration,immigration,immigration
1130433205537038337,2019-05-20 19:20,"The Failing New York Times (it will pass away when I leave office in 6 years), and others of the Fake News Media, keep writing phony stories about how I didn’t use many banks because they didn’t want to do business with me. WRONG! It is because I didn’t need money. Very old",other,other,other,other
1171918282905018370,2019-09-12 06:47,BIG United States Supreme Court WIN for the Border on Asylum! https://t.co/9Ka00qK1Ob,immigration,immigration,immigration,immigration
1092787440560078849,2019-02-05 22:10,"Tremendous numbers of people are coming up through Mexico in the hopes of flooding our Southern Border. We have sent additional military. We will build a Human Wall if necessary. If we had a real Wall, this would be a non-event!",immigration,immigration,immigration,immigration
1167408293062594560,2019-08-30 20:06,"General Motors, which was once the Giant of Detroit, is now one of the smallest auto manufacturers there. They moved major plants to China, BEFORE I CAME INTO OFFICE. This was done despite the saving help given them by the USA. Now they should start moving back to America again?",other,other,other,other
1098295228837048325,2019-02-21 02:56,"We have just built this powerful Wall in New Mexico. Completed on January 30, 2019 – 47 days ahead of schedule! Many miles more now under construction! #FinishTheWall https://t.co/TYkj3KRdOC",immigration,immigration,immigration,immigration
1146514922286780416,2019-07-04 04:23,Mexico is doing a far better job than the Democrats on the Border. Thank you Mexico!,immigration,immigration,immigration,immigration
1126120216856076289,2019-05-08 21:42,Big Court win at our Southern Border! We are getting there - and Wall is being built!,immigration,immigration,immigration,immigration
1095787504001789960,2019-02-14 04:51,"Today, it was my great honor to address the @MjrCitiesChiefs Association and @MCSheriffs Conference in Washington, D.C. We will never forget your service, and we will never, ever let you down! We love you, and we thank God for you each and every day. https://t.co/9tuNcVcBqe",other,other,other,other
1169948497241677824,2019-09-06 20:20,"DACA will be going before the Supreme Court. It is a document that even President Obama didn’t feel he had the legal right to sign - he signed it anyway! Rest assured that if the SC does what all say it must, based on the law, a bipartisan deal will be made to the benefit of all!",immigration,immigration,immigration,immigration
1084119654841364480,2019-01-13 00:07,"....I do have a plan on the Shutdown. But to understand that plan you would have to understand the fact that I won the election, and I promised safety and security for the American people. Part of that promise was a Wall at the Southern Border. Elections have consequences!",immigration,immigration,immigration,immigration
1114264734134456321,2019-04-06 04:33,Join me in California for a Roundtable on Immigration and Border Security! https://t.co/hLV86lWTtA,immigration,immigration,immigration,immigration
1084464695904530432,2019-01-13 22:58,"Democrats are saying that DACA is not worth it and don’t want to include in talks. Many Hispanics will be coming over to the Republican side, watch!",immigration,immigration,immigration,immigration
1143892326286266368,2019-06-26 22:42,"Women’s soccer player, @mPinoe, just stated that she is “not going to the F...ing White House if we win.” Other than the NBA, which now refuses to call owners, owners (please explain that I just got Criminal Justice Reform passed, Black unemployment is at the lowest level...",other,other,other,other
1173571513418756098,2019-09-16 20:17,"“What’s happening to Justice Kavanaugh is a disgrace. This guy is not a good man, he is a great man. He has to go to his church with his family while these terrible reports are being written about him, a disgrace!” Dan Bongino @foxandfriends",other,other,other,other
1172494648226525189,2019-09-13 07:58,"How do you impeach a President who has helped create perhaps the greatest economy in the history of our Country? All time best unemployment numbers, especially for Blacks, Hispanics, Asians & Women. More people working today than ever before. Rebuilt Military & Choice for Vets...",other,other,other,other
1086091478168993792,2019-01-18 10:42,"“In 2018 alone, 20,000 illegal aliens with criminal records were apprehended trying to cross the Border, and there was a 122% increase in fentanyl being smuggled between ports of entry. Last month alone, more than 20,000 minors were smuggled into the U.S.” @seanhannity",immigration,immigration,immigration,immigration
1151978502842986496,2019-07-19 06:14,"Today, @FLOTUS Melania and I were honored to welcome members of Team USA to the @WhiteHouse for a great celebration of their success during the 2019 @SpecialOlympics @WorldGamesAD! Congratulations @specialolyUSA! #Cheer4USA https://t.co/m7PcT6N1KO",other,other,other,other
1181207817715421184,2019-10-07 22:01,"Heritage Foundation “These numbers are blockbusters. Just since Donald Trump took office, Median Family Incomrs are up over $4,100. In 8 years under President Obama, they only went up $1000. In one third the time, President Trump has increased incomes 4 times as much, and that...",other,other,other,other
1181577775246905344,2019-10-08 22:31,Someone please tell the Radical Left Mayor of Minneapolis that he can’t price out Free Speech. Probably illegal! I stand strongly & proudly with the great Police Officers and Law Enforcement of Minneapolis and the Great State of Minnesota! See you Thursday Night!,other,other,other,other
1114338251035123715,2019-04-06 09:25,"THANK YOU @DHSgov, @CBP, and @ICEgov! https://t.co/BzNwKoUJlg",immigration,immigration,immigration,immigration
1094633257377787904,2019-02-11 00:24,"It was a very bad week for the Democrats, with the GREAT economic numbers, The Virginia disaster and the State of the Union address. Now, with the terrible offers being made by them to the Border Committee, I actually believe they want a Shutdown. They want a new subject!",other,other,immigration,immigration
1171547046295171072,2019-09-11 06:12,Incredible progress being made at the Southern Border! https://t.co/xcqxKEkfGD,immigration,immigration,immigration,immigration
1101837499230498816,2019-03-02 21:31,"Very proud of perhaps the greatest golf course anywhere in the world. Also, furthers U.K. relationship! https://t.co/3xTzzJH6Iq",other,other,other,other
1085515276228153345,2019-01-16 20:33,"There are now 77 major or significant Walls built around the world, with 45 countries planning or building Walls. Over 800 miles of Walls have been built in Europe since only 2015. They have all been recognized as close to 100% successful. Stop the crime at our Southern Border!",immigration,immigration,immigration,immigration
1147955460403859462,2019-07-08 03:48,"The Fake News Media, in particular the Failing @nytimes, is writing phony and exaggerated accounts of the Border Detention Centers. First of all, people should not be entering our Country illegally, only for us to then have to care for them. We should be allowed to focus on .....",immigration,immigration,immigration,immigration
1168893583283425280,2019-09-03 22:28,"Based on the IG Report, the whole Witch Hunt against me and my administration was a giant and illegal SCAM. The House of Representatives should now get back to work on drug prices, healthcare, infrastructure and all else. The Mueller Report showed No Collusion, No Obstruction!",other,other,other,other
1089159145268408320,2019-01-26 21:52,"“I like the fact that the President is making the case (Border Security & Crime) to the American people. Now we know where Nancy Pelosi, Chuck Schumer & the Democrats stand, which is no Border Security. Will be big 2020 issue.” Matt Schlapp, Chair, ACU. Bigger than anyone knows!",immigration,immigration,immigration,immigration
1116742280919044096,2019-04-13 00:38,"Due to the fact that Democrats are unwilling to change our very dangerous immigration laws, we are indeed, as reported, giving strong considerations to placing Illegal Immigrants in Sanctuary Cities only....",immigration,immigration,immigration,immigration
1086626739835625474,2019-01-19 22:09,"Mexico is doing NOTHING to stop the Caravan which is now fully formed and heading to the United States. We stopped the last two - many are still in Mexico but can’t get through our Wall, but it takes a lot of Border Agents if there is no Wall. Not easy!",immigration,immigration,immigration,immigration
1146514575048790019,2019-07-04 04:22,"If Illegal Immigrants are unhappy with the conditions in the quickly built or refitted detentions centers, just tell them not to come. All problems solved!",immigration,immigration,immigration,immigration
1149266929565261824,2019-07-11 18:39,"The White House will be hosting a very big and very important Social Media Summit today. Would I have become President without Social Media? Yes (probably)! At its conclusion, we will all go to the beautiful Rose Garden for a News Conference on the Census and Citizenship.",other,other,immigration,other
1088430717611245571,2019-01-24 21:37,Without a Wall there cannot be safety and security at the Border or for the U.S.A. BUILD THE WALL AND CRIME WILL FALL!,immigration,immigration,immigration,immigration
1083696274182995969,2019-01-11 20:05,"I often said during rallies, with little variation, that “Mexico will pay for the Wall.” We have just signed a great new Trade Deal with Mexico. It is Billions of Dollars a year better than the very bad NAFTA deal which it replaces. The difference pays for Wall many times over!",immigration,immigration,immigration,immigration
1113950680283267072,2019-04-05 07:45,“Conservative support for Trump wall soars to 99 percent” https://t.co/Tblpox8Nsg,immigration,immigration,immigration,immigration
1159113620292165632,2019-08-07 22:46,"Today, we honor all of our Country’s Purple Heart recipients, their loved ones, and our Gold Star Families for their immeasurable sacrifice. These American Patriots represent the unyielding and unmatched strength and determination of the U.S. Armed Forces: https://t.co/EVhPJD5azu https://t.co/fcQMg9JI4q",other,other,other,other
1085156987183263749,2019-01-15 20:49,"Polls are now showing that people are beginning to understand the Humanitarian Crisis and Crime at the Border. Numbers are going up fast, over 50%. Democrats will soon be known as the Party of Crime. Ridiculous that they don’t want Border Security!",immigration,immigration,immigration,immigration
1173231877181857795,2019-09-15 21:47,"Brett Kavanaugh should start suing people for libel, or the Justice Department should come to his rescue. The lies being told about him are unbelievable. False Accusations without recrimination. When does it stop? They are trying to influence his opinions. Can’t let that happen!",other,other,other,other
1137856192343105537,2019-06-10 06:57,"The Failing @nytimes story on Mexico and Illegal Immigration through our Southern Border has now been proven shockingly false and untrue, bad reporting, and the paper is embarrassed by it. The only problem is that they knew it was Fake News before it went out. Corrupt Media!",immigration,immigration,immigration,immigration
1089201935926939650,2019-01-27 00:42,BUILD A WALL & CRIME WILL FALL! https://t.co/a0G7GWi74k,immigration,immigration,immigration,immigration
1166672386214772736,2019-08-28 19:22,"“The infestation of bedbugs at The New York Times office” @OANN  was perhaps brought in by lightweight journalist Bret Stephens, a Conservative who does anything that his bosses at the paper tell him to do! He is now quitting Twitter after being called a “bedbug.” Tough guy!",other,other,other,other
1169753952130359297,2019-09-06 07:27,"Just talked to Governor Roy Cooper of North Carolina as Hurricane Dorian ominously comes up the East Coast. We are monitoring it at the @WhiteHouse, ready to assist via our great team over at @FEMA, who are already on site. We are with you all the way North Carolina. BE SAFE!",other,other,other,other
1086991976598245377,2019-01-20 22:20,"Don’t forget, we are building and renovating big sections of Wall right now. Moving quickly, and will cost far less than previous politicians thought possible. Building, after all, is what I do best, even when money is not readily available!",immigration,immigration,immigration,immigration
1084263052617412609,2019-01-13 09:37,I will be interviewed by Jeanine Pirro at 9:00 P.M. on @FoxNews. Watch @JesseBWatters before and @greggutfeld after. All terrific people. I am in the White House waiting for Cryin’ Chuck and Nancy to call so we can start helping our Country both at the Border and from within!,other,immigration,immigration,immigration
1184540536134406144,2019-10-17 02:44,"Guatemala, Honduras & El Salvador have all signed historic Asylum Cooperation Agreements and are working to end the scourge of human smuggling. To further accelerate this progress, the U.S. will shortly be approving targeted assistance in the areas of law enforcement & security.",immigration,immigration,immigration,immigration
1143839815600918528,2019-06-26 19:13,"Democrats want Open Borders, which equals violent crime, drugs and human trafficking. They also want very high taxes, like 90%. Republicans want what’s good for America - the exact opposite!",immigration,immigration,immigration,immigration
1099995611305254912,2019-02-25 19:32,"We have a State of Emergency at our Southern Border. Border Patrol, our Military and local Law Enforcement are doing a great job, but without the Wall, which is now under major construction, you cannot have Border Security. Drugs, Gangs and Human Trafficking must be stopped!",immigration,immigration,immigration,immigration
1134240653926232064,2019-05-31 07:30,"On June 10th, the United States will impose a 5% Tariff on all goods coming into our Country from Mexico, until such time as illegal migrants coming through Mexico, and into our Country, STOP. The Tariff will gradually increase until the Illegal Immigration problem is remedied,..",immigration,immigration,immigration,immigration
